{
    "mhenoschemeName": "\u041d\u0435\u0437\u0430\u0432\u0438\u0441\u0438\u043c\u043e\u0435 \u043f\u0440\u0438\u0441\u043e\u0435\u0434\u0438\u043d\u0435\u043d\u0438\u0435 \u0441\u0438\u0441\u0442\u0435\u043c\u044b \u043e\u0442\u043e\u043f\u043b\u0435\u043d\u0438\u044f \u0441 \u0443\u043f\u0440\u0430\u0432\u043b\u0435\u043d\u0438\u0435\u043c \u0434\u0432\u0443\u043c\u044f \u043d\u0430\u0441\u043e\u0441\u0430\u043c\u0438 \u0438 \u0444\u0443\u043d\u043a\u0446\u0438\u0435\u0439 \u043f\u043e\u0434\u043f\u0438\u0442\u043a\u0438",
    "regulatorState": 1,
    "signin": {
        "passKey": "1234567890"
    },
    "regulatorOwner": {
        "name": "ETA24",
        "phoneNumber": "(+7)9274484221"
    },
    "controlParameters": {
        "control": {
            "controlMode": 1,
            "manualControlMode": 1,
            "valvePositionState": 1,
            "manualControlModeTemperatureSetpoint": 60.0,
            "analogValveSetpoint": 50.0,
            "comfortTemperature": 23.5,
            "economicalTemperature": 17.0,
            "roomTemperartureInfluence": 2.0,
            "returnPipeTemperatureInfluience": 1.0,
            "supplyPipeMinTemperature": 30.0,
            "supplyPipeMaxTemperature": 90.0,
            "startingCirculationPump": 1,
            "startingRechargePump": 1
        },
        "temperatureGraph": {
            "items": [
                {
                    "outdoorTemperature": -30.0,
                    "supplyPipeTemperature": 90.0,
                    "returnPipeTemperature": 60.0
                },
                {
                    "outdoorTemperature": 10.0,
                    "supplyPipeTemperature": 33.5,
                    "returnPipeTemperature": 29.6
                }
            ]
        }
    },
    "service": {
        "softwareInfo": {
            "webApiVersion": "v.0.1.20231004-064321",
            "webUiVersion": "v.0.1.20231004-064113"
        },
        "hardwareInfo": {
            "onionMacAddress": "40-A3-6B-C9-8F-79"
        },
        "rtcDatetime": {
            "datetime": "2023-10-06T05:17:34.708432"
        }
    }
}